{"vol_diff_ewm_2": 0.4274005963836303, "vol_diff_ewm_20": -4.954473623751906, "vol_ewm_2_ssnl_adj_diff": 0.5141983247989401, "vol_ewm_20_ssnl_adj_diff": -0.06692067171381905}