{"vol_diff_ewm_2": 0.4273940287362566, "vol_diff_ewm_20": -4.946366029953005, "vol_ewm_2_ssnl_adj_diff": 0.5134186658222392, "vol_ewm_20_ssnl_adj_diff": -0.08169125503426183}